,Country,Region,CPI_2012,CPI_2013,CPI_2014,CPI_2015,CPI_2016,CPI_2017,World Economic Forum EOS,Global Insight Country Risk Ratings,PRS International Country Risk Guide,recycling_%_waste,plastic_%_waste,hazardous_waste_norm,e_waste_norm,total_municipal_solid_waste_norm,national_agency_solid_waste_management,national_law_solid_waste_management,CO2_capita_2012,CO2_capita_2013,CO2_capita_2014,CO2_capita_2015,CO2_capita_2016,CO2_capita_2017,SDI_2012,SDI_2013,SDI_2014,SDI_2015,SDI_2016,SDI_2017,gender_eq_2012,gender_eq_2013,gender_eq_2014,gender_eq_2015,gender_eq_2016,gender_eq_2017,hdi_2012,hdi_2013,hdi_2014,hdi_2015,hdi_2016,hdi_2017,2013-2018_hdi_rank_change,2010-2018_hdi_annual_growth,homicide_rate_2012,homicide_rate_2013,homicide_rate_2014,homicide_rate_2015,homicide_rate_2016,homicide_rate_2017,gini_index_2012,gini_index_2013,gini_index_2014,gini_index_2015,gini_index_2016,gini_index_2017,income_share_top10%_2012,income_share_top10%_2013,income_share_top10%_2014,income_share_top10%_2015,income_share_top10%_2016,income_share_top10%_2017,moderate_poverty_%_$5.50_2012,moderate_poverty_%_$5.50_2013,moderate_poverty_%_$5.50_2014,moderate_poverty_%_$5.50_2015,moderate_poverty_%_$5.50_2016,moderate_poverty_%_$5.50_2017,extreme_poverty_%_$1.90_2012,extreme_poverty_%_$1.90_2013,extreme_poverty_%_$1.90_2014,extreme_poverty_%_$1.90_2015,extreme_poverty_%_$1.90_2016,extreme_poverty_%_$1.90_2017,gdp_per_capita_2012,gdp_per_capita_2013,gdp_per_capita_2014,gdp_per_capita_2015,gdp_per_capita_2016,gdp_per_capita_2017
0,Argentina,Americas,35.0,34.0,34.0,32.0,36.0,36.0,29.0,34.0,32.0,0.06,0.146,0.007,0.007,0.417,1.0,1.0,4.385,4.385,4.385,4.385,4.345,4.142,0.798,0.783,0.775,0.769,0.763,0.757,4.25,4.188,4.0,4.1,4.1,4.1,0.822,0.824,0.826,0.828,0.828,0.832,-2.0,0.18,6.342,7.28,7.571,6.586,6.033,5.21,41.4,41.0,41.7,41.7,42.0,41.2,29.7,29.4,29.9,30.1,30.3,29.7,10.5,10.4,11.5,11.3,11.1,9.8,1.1,1.0,0.9,0.95,1.0,0.8,13082.664,13080.255,12334.798,13789.06,12790.242,14591.863
1,Bolivia,Americas,34.0,34.0,35.0,34.0,33.0,33.0,18.0,34.0,32.0,0.121,0.102,0.051,0.003,0.207,1.0,1.0,1.688,1.688,1.688,1.688,1.848,1.981,0.713,0.72,0.727,0.733,0.739,0.745,4.0,4.0,4.0,4.0,4.0,4.0,0.667,0.673,0.679,0.685,0.692,0.7,3.0,0.88,11.766,8.841,8.798,6.173,6.218,6.218,46.6,47.6,47.8,46.7,44.6,44.0,33.7,35.2,36.0,34.8,32.1,31.7,28.0,25.8,24.8,25.4,24.9,24.6,8.1,6.9,5.7,6.3,7.0,5.8,2609.881,2908.2,3081.879,3035.972,3076.659,3351.124
2,Brazil,Americas,43.0,42.0,43.0,38.0,40.0,40.0,28.0,47.0,32.0,0.014,0.135,0.021,0.007,0.388,1.0,1.0,2.203,2.203,2.203,2.203,2.015,2.043,0.748,0.753,0.752,0.754,0.756,0.758,4.25,4.188,4.0,4.1,4.1,4.1,0.75,0.752,0.754,0.755,0.757,0.76,-3.0,0.59,26.622,26.942,28.85,28.59,29.878,30.831,53.5,52.8,52.1,51.9,53.3,53.3,42.6,41.8,41.2,40.9,42.1,42.0,21.1,19.3,17.6,18.6,20.0,20.2,3.7,3.1,2.7,3.2,3.9,4.4,12370.024,12300.325,12112.588,8814.001,8710.097,9925.386
3,Canada,Americas,84.0,81.0,81.0,83.0,82.0,82.0,73.0,83.0,85.0,0.206,0.03,0.021,0.02,0.706,1.0,1.0,15.619,15.619,15.619,15.619,15.179,14.992,0.213,0.205,0.198,0.194,0.19,0.186,4.25,4.188,4.0,4.1,4.1,4.1,0.907,0.91,0.914,0.917,0.92,0.921,2.0,0.38,1.569,1.442,1.464,1.693,1.682,1.797,33.8,33.8,33.8,33.8,33.8,33.3,25.1,25.1,25.15,25.2,25.25,25.3,0.7,0.7,0.7,0.7,0.7,0.7,0.5,0.5,0.425,0.35,0.275,0.2,52678.39,52652.594,50893.447,43585.512,42322.485,45148.553
4,Chile,Americas,72.0,71.0,73.0,70.0,66.0,66.0,64.0,59.0,76.0,0.004,0.094,0.015,0.01,0.387,0.0,1.0,4.494,4.494,4.494,4.494,4.664,4.648,0.757,0.735,0.733,0.73,0.727,0.724,4.25,4.188,4.0,4.1,4.1,4.1,0.825,0.83,0.834,0.839,0.843,0.845,2.0,0.71,2.494,3.164,2.466,3.395,3.361,4.218,45.8,45.8,45.8,44.4,44.4,44.4,37.4,37.4,36.75,36.1,36.2,36.3,6.6,6.6,5.85,5.1,4.35,3.6,0.4,0.4,0.35,0.3,0.3,0.3,15351.551,15842.941,14670.997,13574.172,13753.594,14999.37
5,Colombia,Americas,36.0,36.0,37.0,37.0,37.0,37.0,32.0,47.0,41.0,0.172,0.128,0.006,0.005,0.262,1.0,0.0,1.609,1.609,1.609,1.609,1.803,1.535,0.77,0.777,0.777,0.779,0.781,0.783,4.25,4.188,4.0,4.1,4.1,4.1,0.742,0.746,0.75,0.753,0.759,0.76,2.0,0.54,35.68,33.162,28.409,26.898,25.744,25.02,52.7,52.8,52.7,51.1,50.8,49.7,41.4,41.5,41.5,40.0,40.0,39.0,34.5,32.4,30.3,29.2,29.0,28.1,6.3,5.8,5.2,4.7,4.7,4.0,8050.058,8218.034,8114.084,6175.876,5871.224,6377.851
6,Costa Rica,Americas,54.0,53.0,54.0,55.0,58.0,58.0,46.0,59.0,50.0,0.013,0.11,0.021,0.008,0.307,1.0,1.0,1.443,1.443,1.443,1.443,1.542,1.546,0.822,0.823,0.824,0.83,0.836,0.842,4.25,4.188,4.0,4.1,4.1,4.1,0.772,0.777,0.782,0.786,0.789,0.792,-2.0,0.64,8.682,8.667,9.947,11.49,11.798,12.182,48.6,49.3,48.6,48.4,48.7,48.3,37.0,37.4,36.9,36.8,37.3,37.0,12.7,12.8,12.3,12.0,11.0,10.0,1.7,1.6,1.5,1.5,1.3,1.1,9913.21,10490.081,10547.152,11299.136,11666.456,11814.627
7,Dominican Republic,Americas,32.0,29.0,32.0,33.0,31.0,31.0,24.0,34.0,32.0,0.082,0.1,0.021,0.005,0.386,1.0,0.0,2.044,2.044,2.044,2.044,2.116,1.99,0.756,0.759,0.764,0.775,0.786,0.797,4.25,4.188,4.0,4.1,4.1,4.1,0.702,0.712,0.722,0.733,0.738,0.741,10.0,0.76,22.838,19.685,17.806,17.806,15.542,11.567,46.1,47.7,44.3,45.2,45.7,42.2,36.0,37.9,33.4,34.9,35.4,33.5,30.8,29.9,25.2,21.8,19.9,15.9,2.6,2.2,2.1,1.8,1.6,0.7,6110.37,6238.134,6608.828,6921.517,7280.88,7609.339
8,Ecuador,Americas,32.0,35.0,33.0,32.0,31.0,31.0,33.0,22.0,32.0,0.129,0.114,0.012,0.005,0.328,1.0,0.0,2.314,2.314,2.314,2.314,2.16,2.063,0.764,0.763,0.767,0.768,0.769,0.77,4.25,4.188,4.0,4.1,4.1,4.1,0.748,0.751,0.754,0.758,0.756,0.757,-8.0,0.71,12.427,10.982,8.218,6.489,5.84,5.791,46.1,46.9,45.0,46.0,45.0,44.7,34.6,35.7,34.4,34.9,34.3,33.8,27.5,27.2,23.8,24.8,24.0,23.3,4.5,3.2,2.6,3.5,3.6,3.2,5682.045,6056.331,6377.092,6124.492,6060.093,6213.501
9,El Salvador,Americas,38.0,38.0,39.0,39.0,36.0,36.0,32.0,22.0,41.0,0.094,0.1,0.003,0.005,0.267,1.0,1.0,1.012,1.012,1.012,1.012,1.004,0.899,0.721,0.723,0.721,0.726,0.731,0.736,4.25,4.188,4.0,4.1,4.1,4.1,0.663,0.662,0.661,0.66,0.662,0.665,-5.0,0.14,41.584,40.105,62.286,105.231,83.006,61.708,41.8,43.4,41.6,40.6,40.0,38.0,32.6,34.2,32.2,31.8,30.6,29.1,39.5,35.6,35.5,32.6,31.4,29.5,4.2,3.4,3.1,2.0,2.3,1.9,3428.385,3509.531,3589.042,3705.578,3805.994,3910.257
10,Guatemala,Americas,33.0,29.0,32.0,28.0,28.0,28.0,35.0,22.0,32.0,0.094,0.173,0.001,0.003,0.17,0.0,0.0,0.933,0.933,0.933,0.933,0.981,0.928,0.66,0.663,0.693,0.695,0.697,0.699,4.25,4.188,4.0,4.1,4.1,4.1,0.6,0.616,0.632,0.647,0.648,0.649,2.0,0.98,33.757,33.682,31.388,29.399,27.257,26.072,48.3,48.3,48.3,48.3,48.3,48.3,38.0,38.0,38.0,38.0,38.0,38.0,49.1,49.1,49.1,49.1,49.1,49.1,8.8,8.8,8.8,8.8,8.8,8.8,3408.785,3522.774,3779.642,3994.637,4173.302,4451.451
11,Haiti,Americas,19.0,19.0,19.0,17.0,20.0,20.0,20.0,22.0,15.0,0.094,0.127,0.021,0.001,0.213,0.0,0.0,0.3,0.3,0.3,0.3,0.3,0.3,0.518,0.523,0.528,0.531,0.534,0.537,3.0,3.0,3.0,3.0,2.5,2.5,0.478,0.483,0.488,0.492,0.497,0.501,-1.0,0.92,10.077,9.99,9.29,10.014,9.483,9.483,41.1,41.1,41.1,41.1,41.1,41.1,31.2,31.2,31.2,31.2,31.2,31.2,78.6,78.6,78.6,78.6,78.6,78.6,24.5,24.5,24.5,24.5,24.5,24.5,769.749,815.82,831.874,815.728,735.302,765.727
12,Honduras,Americas,28.0,26.0,29.0,31.0,30.0,30.0,26.0,22.0,41.0,0.094,0.144,0.0,0.0,0.237,0.0,1.0,1.067,1.067,1.067,1.067,1.002,1.017,0.643,0.646,0.649,0.657,0.665,0.673,4.0,3.5,3.5,3.5,3.5,3.5,0.598,0.603,0.608,0.613,0.618,0.621,0.0,0.51,83.003,73.092,65.78,56.491,55.551,40.98,56.1,52.6,50.4,49.6,51.1,50.5,44.1,40.2,38.1,37.0,37.6,37.7,57.8,56.0,54.9,54.7,53.6,53.6,20.1,17.7,16.4,16.6,18.4,17.6,2144.343,2102.593,2206.052,2302.201,2342.585,2453.728
13,Mexico,Americas,34.0,34.0,35.0,35.0,30.0,30.0,29.0,34.0,24.0,0.05,0.109,0.0,0.008,0.422,1.0,1.0,3.661,3.661,3.661,3.661,3.654,3.615,0.776,0.77,0.772,0.775,0.778,0.781,4.25,4.188,4.0,4.1,4.1,4.1,0.746,0.75,0.754,0.759,0.764,0.765,2.0,0.47,22.142,19.409,16.626,17.038,19.913,25.709,48.7,48.7,48.7,48.7,46.3,46.3,38.9,39.2,39.5,38.2,36.9,36.9,31.6,32.45,33.3,29.35,25.4,25.4,3.8,3.75,3.7,2.95,2.2,2.2,10241.728,10725.183,10922.376,9605.952,8739.756,9278.418
14,Nicaragua,Americas,29.0,28.0,28.0,27.0,26.0,26.0,28.0,22.0,24.0,0.094,0.119,0.0,0.002,0.266,1.0,1.0,0.831,0.831,0.831,0.831,0.831,0.821,0.682,0.688,0.699,0.702,0.705,0.708,4.0,4.0,4.0,4.0,4.0,4.0,0.623,0.63,0.637,0.644,0.649,0.653,0.0,0.74,11.249,9.798,8.547,8.42,7.186,7.186,46.2,46.2,46.2,46.2,46.2,46.2,37.2,37.2,37.2,37.2,37.2,37.2,35.4,35.4,35.4,35.4,35.4,35.4,3.4,3.4,3.4,3.4,3.4,3.4,1760.454,1811.639,1934.07,2049.85,2107.567,2159.163
15,Panama,Americas,38.0,35.0,37.0,39.0,38.0,38.0,43.0,47.0,32.0,0.094,0.12,0.021,0.001,0.371,1.0,1.0,2.545,2.545,2.545,2.545,2.526,2.345,0.801,0.808,0.81,0.808,0.806,0.804,4.25,4.188,4.0,4.1,4.1,4.1,0.772,0.775,0.778,0.782,0.788,0.793,0.0,0.6,16.894,17.286,15.482,11.868,10.032,9.667,51.7,51.5,50.5,50.8,50.4,49.9,39.7,39.6,38.5,39.0,37.9,37.7,18.9,18.2,16.9,15.4,14.6,14.1,4.1,2.8,3.5,2.0,2.2,2.5,10722.284,11889.128,12796.07,13630.308,14343.964,15150.346
16,Paraguay,Americas,25.0,24.0,24.0,27.0,30.0,30.0,23.0,22.0,32.0,0.094,0.119,0.021,0.005,0.274,1.0,1.0,0.881,0.881,0.881,0.881,1.012,1.124,0.719,0.727,0.73,0.733,0.736,0.739,4.25,4.188,4.0,4.1,4.1,4.1,0.704,0.709,0.714,0.718,0.718,0.722,2.0,0.56,10.107,9.278,8.758,9.224,9.87,7.878,47.6,47.9,50.7,47.6,47.9,48.8,36.9,37.3,40.7,36.7,37.3,39.2,22.4,19.1,18.6,18.9,19.2,17.5,3.2,1.7,2.2,1.7,1.5,1.0,5183.083,5926.833,6102.943,5406.704,5319.41,5680.581
17,Peru,Americas,38.0,38.0,38.0,36.0,35.0,35.0,39.0,34.0,34.0,0.04,0.105,0.021,0.006,0.27,1.0,1.0,1.585,1.585,1.585,1.585,1.642,1.545,0.778,0.781,0.79,0.788,0.786,0.784,4.25,4.188,4.0,4.1,4.1,4.1,0.738,0.742,0.746,0.75,0.755,0.756,4.0,0.65,6.67,6.761,6.899,7.374,7.874,7.909,44.4,43.9,43.2,43.4,43.6,43.3,33.3,32.7,32.2,32.6,32.6,32.3,26.9,26.3,25.3,24.4,24.6,24.2,4.8,4.4,3.7,3.6,3.5,3.4,6528.972,6756.753,6672.88,6229.102,6204.997,6710.508
18,United States,Americas,73.0,73.0,74.0,76.0,74.0,74.0,65.0,71.0,76.0,0.346,0.129,0.09,0.008,0.81,1.0,1.0,15.338,15.338,15.338,15.338,14.949,14.606,0.198,0.19,0.184,0.184,0.184,0.184,4.25,4.188,4.0,4.1,4.1,4.1,0.913,0.914,0.916,0.917,0.919,0.919,-3.0,0.12,4.731,4.526,4.445,4.95,5.391,5.317,40.7,40.7,40.7,40.7,41.1,41.1,30.0,30.0,30.133,30.267,30.4,30.4,1.7,1.7,1.7,1.7,1.7,1.7,1.0,1.0,1.0,1.0,1.0,1.0,51610.605,53117.668,55047.726,56822.519,57927.517,59957.726
19,Uruguay,Americas,72.0,73.0,73.0,74.0,71.0,71.0,68.0,59.0,76.0,0.08,0.11,0.021,0.011,0.367,1.0,1.0,1.857,1.857,1.857,1.857,1.837,1.699,0.6,0.598,0.573,0.551,0.529,0.507,4.25,4.188,4.0,4.1,4.1,4.1,0.794,0.797,0.8,0.802,0.806,0.807,-1.0,0.54,7.902,7.671,7.881,8.587,7.827,8.264,39.9,40.4,40.1,40.1,39.7,39.5,29.2,30.0,29.8,29.8,29.6,29.6,5.5,5.0,4.2,4.0,3.7,2.9,0.2,0.2,0.1,0.1,0.1,0.1,15171.585,16973.674,16831.973,15613.764,15387.144,17322.147
20,Australia,Asia Pacific,85.0,81.0,80.0,79.0,79.0,79.0,80.0,83.0,76.0,0.421,0.076,0.294,0.024,0.561,1.0,1.0,15.697,15.697,15.697,15.697,15.786,15.632,0.166,0.165,0.158,0.153,0.148,0.143,3.286,3.3,3.3,3.3,3.25,3.25,0.923,0.926,0.93,0.933,0.935,0.937,0.0,0.17,1.061,1.054,1.03,0.986,0.936,0.826,34.4,34.4,34.4,34.4,34.4,34.4,27.0,27.0,27.0,27.0,27.0,27.0,0.7,0.7,0.7,0.7,0.7,0.7,0.5,0.5,0.5,0.5,0.5,0.5,68012.148,68150.107,62510.791,56755.722,49971.131,54066.471
21,Bangladesh,Asia Pacific,26.0,27.0,25.0,25.0,26.0,26.0,17.0,22.0,50.0,0.199,0.047,0.001,0.001,0.095,1.0,1.0,0.44,0.44,0.44,0.44,0.448,0.475,0.61,0.619,0.628,0.638,0.648,0.658,3.5,3.5,3.5,3.5,3.5,3.0,0.564,0.572,0.58,0.588,0.599,0.609,5.0,1.4,2.724,2.876,2.921,2.582,2.273,2.222,32.4,32.4,32.4,32.4,32.4,32.4,26.8,26.8,26.8,26.8,26.8,26.8,84.3,84.3,84.3,84.3,84.3,84.3,14.5,14.5,14.5,14.5,14.5,14.5,883.105,981.84,1118.854,1248.453,1401.62,1563.914
22,Bhutan,Asia Pacific,63.0,63.0,65.0,65.0,65.0,65.0,59.0,71.0,46.955,0.009,0.13,0.048,0.002,0.162,1.0,1.0,4.197,4.197,4.197,4.197,4.21,4.255,0.623,0.626,0.634,0.637,0.64,0.643,4.0,4.0,4.0,4.0,4.0,4.0,0.588,0.594,0.6,0.606,0.61,0.615,0.0,0.98,4.704,3.379,3.379,1.649,1.222,1.744,38.8,38.8,38.8,38.8,38.8,37.4,30.7,30.14,29.58,29.02,28.46,27.9,44.3,43.22,42.14,41.06,39.98,38.9,2.2,2.06,1.92,1.78,1.64,1.5,2538.946,2472.714,2652.215,2752.664,2930.563,3286.575
23,China,Asia Pacific,39.0,40.0,36.0,37.0,40.0,40.0,53.0,47.0,32.0,0.199,0.098,0.025,0.005,0.153,1.0,1.0,6.637,6.637,6.637,6.637,6.575,6.678,0.598,0.566,0.55,0.532,0.514,0.496,3.286,3.3,3.3,3.3,3.25,3.25,0.72,0.727,0.734,0.742,0.749,0.753,7.0,0.95,0.815,0.764,0.72,0.654,0.611,0.562,42.2,39.7,39.2,38.6,38.5,38.5,31.5,30.3,29.7,29.4,29.4,29.4,44.4,36.4,31.5,27.2,24.0,24.0,6.5,1.9,1.4,0.7,0.5,0.5,6316.919,7050.646,7678.599,8066.942,8147.938,8879.438
24,Indonesia,Asia Pacific,32.0,32.0,34.0,36.0,37.0,37.0,40.0,34.0,50.0,0.07,0.14,0.088,0.005,0.25,1.0,1.0,1.778,1.778,1.778,1.778,1.74,1.88,0.727,0.733,0.736,0.737,0.738,0.739,3.286,3.3,3.3,3.3,3.25,3.25,0.684,0.688,0.692,0.696,0.7,0.704,0.0,0.74,0.586,0.55,0.501,0.577,0.494,0.435,39.7,40.0,39.4,39.7,38.6,38.1,32.3,32.2,31.8,32.4,30.5,29.6,71.4,68.7,66.6,64.3,59.7,55.8,9.5,7.3,6.2,5.8,5.2,4.5,3694.349,3623.912,3491.625,3331.695,3562.846,3837.652
25,Japan,Asia Pacific,74.0,74.0,76.0,75.0,72.0,72.0,78.0,71.0,76.0,0.049,0.11,0.028,0.004,0.346,0.0,1.0,9.092,9.092,9.092,9.092,9.035,8.938,0.325,0.338,0.335,0.319,0.303,0.287,3.286,3.3,3.3,3.3,3.25,3.25,0.897,0.9,0.903,0.906,0.91,0.913,0.0,0.42,0.334,0.288,0.308,0.284,0.283,0.24,32.9,32.9,32.9,32.9,32.9,32.9,26.4,26.4,26.4,26.4,26.4,26.4,1.2,1.2,1.2,1.2,1.2,1.2,0.7,0.7,0.7,0.7,0.7,0.7,48603.477,40454.447,38109.412,34524.47,38761.818,38386.511
26,Malaysia,Asia Pacific,49.0,50.0,52.0,50.0,49.0,49.0,56.0,59.0,41.0,0.175,0.15,0.097,0.009,0.429,1.0,1.0,7.175,7.175,7.175,7.175,6.934,6.674,0.586,0.528,0.515,0.493,0.471,0.449,3.286,3.3,3.3,3.3,3.25,3.25,0.782,0.787,0.792,0.797,0.801,0.802,-1.0,0.49,2.071,2.128,2.128,2.128,2.128,2.128,41.3,41.3,41.3,41.0,41.0,41.0,31.8,31.8,31.55,31.3,31.3,31.3,4.0,4.0,3.35,2.7,2.7,2.7,0.0,0.0,0.0,0.0,0.0,0.0,10817.443,10970.123,11319.08,9955.242,9817.741,10254.234
27,Mongolia,Asia Pacific,36.0,38.0,39.0,39.0,38.0,38.0,38.0,47.0,32.0,0.199,0.145,0.048,0.005,0.958,1.0,1.0,5.75,5.75,5.75,5.75,5.94,6.267,0.735,0.738,0.737,0.736,0.735,0.734,4.0,4.0,4.0,4.0,4.0,4.0,0.724,0.728,0.732,0.736,0.73,0.729,-1.0,0.66,7.045,7.114,7.245,7.137,6.02,6.134,33.8,33.8,32.0,32.0,32.3,32.3,26.2,25.85,25.5,25.55,25.6,25.6,23.5,20.85,18.2,24.4,30.6,30.6,0.4,0.3,0.2,0.35,0.5,0.5,4351.887,4366.076,4158.526,3918.579,3660.151,3669.418
28,Myanmar,Asia Pacific,15.0,21.0,21.0,22.0,28.0,28.0,23.0,22.0,24.0,0.199,0.121,0.048,0.001,0.101,1.0,1.0,0.356,0.356,0.356,0.356,0.395,0.57,0.591,0.601,0.607,0.613,0.619,0.625,3.286,3.0,3.0,3.0,3.0,3.0,0.544,0.551,0.558,0.565,0.571,0.577,2.0,1.39,2.793,2.388,2.353,2.187,2.258,2.258,38.1,38.1,38.1,38.1,38.1,30.7,31.7,31.7,31.7,31.7,28.6,25.5,62.0,62.0,62.0,62.0,58.15,54.3,4.8,4.8,4.8,4.8,3.1,1.4,1165.794,1162.331,1251.821,1287.43,1266.546,1291.542
29,Pakistan,Asia Pacific,27.0,28.0,29.0,30.0,32.0,32.0,29.0,34.0,32.0,0.08,0.09,0.008,0.002,0.159,1.0,0.0,0.796,0.796,0.796,0.796,0.85,0.931,0.576,0.58,0.59,0.594,0.598,0.602,2.5,2.5,2.5,2.5,2.5,2.5,0.53,0.537,0.544,0.55,0.556,0.558,-1.0,0.85,7.393,7.287,6.798,4.757,4.182,3.961,30.7,30.7,30.7,33.5,33.5,33.5,26.1,26.1,27.5,28.9,28.9,28.9,79.6,79.6,77.6,75.6,75.6,75.6,6.2,6.2,5.1,4.0,4.0,4.0,1198.109,1208.904,1251.164,1356.668,1368.454,1464.993
30,Philippines,Asia Pacific,34.0,36.0,38.0,35.0,35.0,35.0,29.0,34.0,41.0,0.28,0.106,0.042,0.003,0.142,1.0,1.0,1.021,1.021,1.021,1.021,1.111,1.206,0.73,0.738,0.742,0.746,0.75,0.754,3.286,3.3,3.3,3.3,3.25,3.25,0.687,0.692,0.697,0.702,0.704,0.709,3.0,0.73,8.727,9.257,9.706,9.446,10.977,8.392,46.5,46.5,46.5,44.4,44.4,44.4,36.3,35.8,35.3,34.8,34.8,34.8,59.9,58.233,56.567,54.9,54.9,54.9,10.4,8.933,7.467,6.0,6.0,6.0,2694.305,2871.431,2959.648,3001.04,3073.654,3123.234
31,South Korea,Asia Pacific,56.0,55.0,55.0,56.0,53.0,53.0,49.0,47.0,50.0,0.58,0.243,0.048,0.011,0.359,1.0,1.0,11.409,11.409,11.409,11.409,11.498,11.663,0.321,0.305,0.3,0.286,0.272,0.258,3.286,3.3,3.3,3.3,3.25,3.25,0.89,0.893,0.896,0.899,0.901,0.904,0.0,0.33,0.869,0.699,0.745,0.738,0.708,0.589,31.6,31.6,31.6,31.6,31.6,31.6,23.8,23.8,23.8,23.8,23.8,23.8,1.2,1.2,1.2,1.2,1.2,1.2,0.2,0.2,0.2,0.2,0.2,0.2,25466.761,27182.734,29249.575,28732.231,29288.87,31616.843
32,Sri Lanka,Asia Pacific,40.0,37.0,38.0,37.0,36.0,36.0,41.0,34.0,41.0,0.128,0.07,0.048,0.0,0.124,1.0,1.0,0.93,0.93,0.93,0.93,0.986,1.077,0.815,0.818,0.822,0.825,0.828,0.831,4.0,4.0,4.0,4.0,4.0,4.0,0.762,0.765,0.768,0.772,0.774,0.776,2.0,0.49,3.292,2.996,2.66,2.329,2.521,2.3,39.2,39.2,39.2,39.2,39.8,39.8,32.2,32.375,32.55,32.725,32.9,32.9,52.1,49.5,46.9,44.3,41.7,41.7,2.1,1.8,1.5,1.2,0.9,0.9,3350.522,3610.289,3819.254,3843.781,3886.292,4077.044
33,Thailand,Asia Pacific,37.0,35.0,38.0,38.0,35.0,35.0,37.0,22.0,32.0,0.191,0.176,0.05,0.006,0.391,1.0,1.0,3.613,3.613,3.613,3.613,3.545,3.538,0.727,0.715,0.713,0.712,0.711,0.71,3.286,3.3,3.3,3.3,3.25,3.25,0.724,0.731,0.738,0.746,0.753,0.762,12.0,0.74,4.899,4.247,3.871,3.474,3.232,2.582,39.3,37.8,37.0,36.0,36.9,36.5,30.4,29.2,28.7,28.4,28.9,28.4,13.5,11.3,10.4,7.0,8.2,7.6,0.1,0.0,0.0,0.0,0.0,0.0,5860.583,6168.263,5951.884,5840.047,5994.231,6592.915
34,Timor-Leste,Asia Pacific,33.0,30.0,28.0,28.0,35.0,35.0,49.917,34.0,46.955,0.199,0.165,0.048,0.003,0.05,1.0,1.0,4.197,4.197,4.197,4.197,4.21,4.255,0.573,0.57,0.571,0.57,0.57,0.569,3.5,3.5,3.5,3.5,3.5,3.5,0.605,0.613,0.62,0.628,0.628,0.624,-2.0,0.13,4.096,4.096,4.096,4.096,4.096,4.096,28.7,28.7,28.7,28.7,28.7,28.7,24.0,24.0,24.0,24.0,24.0,24.0,91.8,91.8,91.8,91.8,91.8,91.8,22.0,22.0,22.0,22.0,22.0,22.0,1013.05,1210.033,1232.457,1334.662,1358.202,1294.716
35,Albania,Europe and Central Asia,33.0,31.0,33.0,36.0,39.0,39.0,41.0,47.0,41.0,0.213,0.096,0.002,0.007,0.397,1.0,1.0,1.328,1.328,1.328,1.328,1.278,1.511,0.813,0.814,0.812,0.811,0.81,0.809,4.25,4.188,4.0,4.1,4.1,4.1,0.778,0.781,0.784,0.788,0.788,0.789,-5.0,0.84,5.388,4.27,4.04,2.214,2.737,2.011,29.0,29.0,34.6,32.9,33.7,33.2,22.9,24.2,25.5,24.9,25.0,24.8,34.5,35.75,37.0,34.2,34.2,33.8,0.8,1.2,1.6,1.1,0.9,1.3,4247.63,4413.061,4578.632,3952.801,4124.056,4531.021
36,Armenia,Europe and Central Asia,34.0,36.0,37.0,35.0,33.0,33.0,45.0,34.0,32.0,0.213,0.114,0.021,0.005,0.17,0.0,1.0,1.612,1.612,1.612,1.612,1.652,1.763,0.793,0.797,0.799,0.8,0.801,0.802,4.5,4.5,4.5,4.5,4.5,4.5,0.74,0.743,0.746,0.748,0.751,0.758,3.0,0.52,2.254,2.174,2.472,2.564,2.963,2.377,29.6,30.6,31.5,32.4,32.5,33.6,24.5,24.7,25.7,26.7,25.3,28.4,48.3,46.1,44.9,39.8,37.5,41.5,0.9,1.8,1.5,1.3,1.2,0.9,3681.857,3838.186,3986.232,3607.297,3591.829,3914.501
37,Austria,Europe and Central Asia,69.0,69.0,72.0,76.0,75.0,75.0,73.0,71.0,76.0,0.257,0.111,0.147,0.019,0.56,1.0,1.0,7.21,7.21,7.21,7.21,7.099,7.376,0.281,0.271,0.267,0.258,0.249,0.24,4.25,4.188,4.0,4.1,4.1,4.1,0.891,0.896,0.901,0.906,0.909,0.912,0.0,0.26,0.929,0.725,0.522,0.53,0.652,0.794,30.5,30.8,30.5,30.5,30.8,29.7,23.5,24.3,24.1,23.8,23.9,23.0,1.0,0.6,0.7,0.9,1.2,0.7,0.6,0.3,0.2,0.7,0.7,0.3,48567.695,50716.709,51717.496,44178.047,45237.805,47549.079
38,Belarus,Europe and Central Asia,31.0,29.0,31.0,32.0,40.0,40.0,57.367,47.0,32.0,0.16,0.12,0.141,0.008,0.451,1.0,1.0,5.545,5.545,5.545,5.545,5.584,5.687,0.525,0.52,0.514,0.504,0.494,0.484,4.25,4.188,4.0,4.1,4.1,4.1,0.806,0.808,0.81,0.811,0.812,0.815,0.0,0.39,3.61,3.534,3.605,3.454,3.25,2.54,26.5,26.6,27.2,25.6,25.3,25.4,21.8,22.1,22.6,21.2,21.3,21.3,1.2,0.7,0.4,0.9,0.8,0.8,0.0,0.0,0.0,0.0,0.0,0.0,6940.159,7978.873,8318.513,5949.106,5022.627,5761.747
39,Belgium,Europe and Central Asia,75.0,75.0,76.0,77.0,77.0,77.0,73.0,83.0,76.0,0.343,0.139,0.261,0.054,0.418,1.0,1.0,8.257,8.257,8.257,8.257,8.139,7.963,0.522,0.494,0.475,0.448,0.421,0.394,4.25,4.188,4.0,4.1,4.1,4.1,0.906,0.908,0.911,0.913,0.915,0.917,-1.0,0.22,1.849,1.838,1.871,2.038,1.532,1.69,27.5,27.7,28.1,27.7,27.6,27.4,21.9,21.8,22.4,22.2,22.2,21.9,0.4,0.4,0.2,0.2,0.2,0.3,0.2,0.1,0.1,0.1,0.1,0.1,44673.116,46744.663,47700.54,40991.808,41998.336,44288.508
40,Bulgaria,Europe and Central Asia,41.0,41.0,43.0,41.0,41.0,41.0,38.0,34.0,42.0,0.19,0.122,1.7,0.007,0.419,1.0,1.0,6.09,6.09,6.09,6.09,5.689,6.051,0.763,0.777,0.767,0.757,0.747,0.737,4.25,4.188,4.0,4.1,4.1,4.1,0.784,0.792,0.8,0.807,0.812,0.813,6.0,0.58,1.923,1.495,1.573,1.75,1.105,1.45,36.0,36.6,37.4,38.6,40.6,40.4,27.4,27.6,28.8,28.7,31.4,31.9,11.6,11.5,9.1,12.4,9.4,7.9,2.2,1.8,1.6,3.4,1.9,1.4,7393.189,7651.818,7874.261,7053.604,7545.79,8331.058
41,Croatia,Europe and Central Asia,46.0,48.0,48.0,51.0,49.0,49.0,39.0,47.0,50.0,0.163,0.229,0.031,0.014,0.393,1.0,1.0,3.69,3.69,3.69,3.69,3.799,3.925,0.746,0.734,0.722,0.701,0.68,0.659,4.25,4.188,4.0,4.1,4.1,4.1,0.822,0.825,0.827,0.83,0.832,0.835,-1.0,0.41,1.187,1.076,0.846,0.874,1.045,1.1,32.5,32.0,32.1,31.1,30.9,30.4,23.9,23.7,24.0,23.2,23.2,22.8,6.8,6.7,5.8,5.0,4.1,3.6,0.8,0.7,1.0,0.6,0.6,0.5,13238.102,13642.194,13600.194,11782.899,12360.484,13412.338
42,Cyprus,Europe and Central Asia,66.0,63.0,63.0,61.0,55.0,55.0,49.0,47.0,67.0,0.133,0.148,0.149,0.016,0.466,1.0,1.0,6.967,6.967,6.967,6.967,7.393,7.448,0.338,0.376,0.361,0.347,0.333,0.319,4.25,4.188,4.0,4.1,4.1,4.1,0.849,0.854,0.859,0.864,0.869,0.871,2.0,0.34,1.938,1.049,0.955,1.292,1.111,0.593,34.3,37.0,35.6,34.0,32.9,31.4,28.0,30.9,28.8,27.5,26.8,25.5,0.1,0.2,0.3,0.1,0.1,0.1,0.0,0.1,0.1,0.0,0.0,0.0,28912.157,27729.193,27129.626,23333.715,24532.519,26338.694
43,Czech Republic,Europe and Central Asia,49.0,48.0,51.0,56.0,55.0,55.0,46.0,59.0,50.0,0.255,0.022,0.11,0.008,0.316,1.0,1.0,9.43,9.43,9.43,9.43,9.575,9.602,0.412,0.427,0.41,0.39,0.37,0.35,4.25,4.188,4.0,4.1,4.1,4.1,0.87,0.874,0.878,0.882,0.885,0.888,1.0,0.41,0.992,0.85,0.765,0.83,0.612,0.62,26.1,26.5,25.9,25.9,25.4,24.9,22.2,22.6,22.1,22.1,21.9,21.5,0.6,0.5,0.6,0.3,0.6,0.4,0.0,0.0,0.0,0.0,0.0,0.0,19729.871,19916.019,19744.559,17715.617,18463.387,20379.896
44,Denmark,Europe and Central Asia,90.0,91.0,92.0,91.0,90.0,90.0,85.0,83.0,93.0,0.273,0.016,0.302,0.03,0.789,1.0,1.0,5.623,5.623,5.623,5.623,5.845,5.421,0.382,0.366,0.363,0.363,0.363,0.363,4.25,4.188,4.0,4.1,4.1,4.1,0.926,0.926,0.926,0.926,0.928,0.929,-6.0,0.27,0.838,0.851,1.306,1.09,0.981,1.239,27.8,28.5,28.4,28.2,28.2,28.7,23.1,23.7,23.6,23.8,23.7,24.0,0.2,0.6,0.7,0.4,0.4,0.2,0.0,0.3,0.2,0.2,0.3,0.1,58507.508,61191.194,62548.985,53254.856,54663.998,57141.06
45,Estonia,Europe and Central Asia,64.0,68.0,69.0,70.0,70.0,70.0,76.0,71.0,67.0,0.247,0.186,7.914,0.026,0.36,1.0,1.0,11.537,11.537,11.537,11.537,11.748,12.137,0.259,0.22,0.214,0.209,0.204,0.199,4.25,4.188,4.0,4.1,4.1,4.1,0.859,0.863,0.867,0.871,0.875,0.879,-1.0,0.54,4.761,3.942,3.115,3.421,2.507,2.198,32.9,35.1,34.6,32.7,31.2,30.4,25.2,26.6,26.3,24.4,23.1,22.5,3.5,3.5,3.0,1.8,1.4,1.0,0.7,0.8,0.7,0.6,0.5,0.3,17534.422,19174.101,20367.103,17522.23,18237.296,20388.21
46,Finland,Europe and Central Asia,90.0,89.0,89.0,90.0,89.0,89.0,91.0,83.0,93.0,0.281,0.014,0.365,0.039,0.5,1.0,1.0,7.73,7.73,7.73,7.73,8.212,7.734,0.234,0.225,0.227,0.227,0.227,0.227,4.25,4.188,4.0,4.1,4.1,4.1,0.915,0.916,0.918,0.919,0.922,0.924,-2.0,0.3,1.625,1.636,1.611,1.496,1.346,1.252,27.1,27.2,26.8,27.1,27.1,27.4,22.3,22.3,22.0,22.4,22.4,22.6,0.2,0.1,0.1,0.2,0.2,0.1,0.1,0.1,0.1,0.1,0.0,0.1,47710.79,49878.043,50260.3,42784.698,43784.284,46316.745
47,France,Europe and Central Asia,71.0,71.0,69.0,70.0,69.0,69.0,69.0,71.0,76.0,0.223,0.09,0.162,0.033,0.501,1.0,1.0,4.5,4.5,4.5,4.5,4.515,4.565,0.588,0.57,0.571,0.549,0.527,0.505,4.25,4.188,4.0,4.1,4.1,4.1,0.879,0.882,0.885,0.888,0.887,0.89,-1.0,0.27,1.233,1.216,1.234,1.57,1.352,1.271,33.1,32.5,32.3,32.7,31.9,31.6,26.9,26.4,26.1,26.6,25.9,25.8,0.3,0.2,0.1,0.3,0.2,0.1,0.1,0.1,0.0,0.1,0.1,0.0,40874.704,42592.934,43011.263,36638.185,37037.374,38812.161
48,Georgia,Europe and Central Asia,52.0,49.0,52.0,52.0,57.0,57.0,68.0,47.0,60.295,0.213,0.03,0.566,0.006,0.215,0.0,1.0,2.255,2.255,2.255,2.255,2.369,2.346,0.789,0.793,0.799,0.801,0.803,0.805,4.5,4.5,4.5,4.5,4.5,4.5,0.748,0.756,0.764,0.771,0.776,0.783,5.0,0.91,2.676,2.676,2.676,2.676,0.971,0.971,39.0,38.6,37.6,36.5,36.6,37.9,29.3,29.1,28.6,27.8,28.2,28.9,54.9,49.5,45.7,44.8,43.3,43.0,8.5,6.4,4.9,3.7,3.8,5.0,4421.818,4623.746,4739.188,4014.186,4062.17,4357.001
49,Germany,Europe and Central Asia,79.0,78.0,79.0,81.0,81.0,81.0,67.0,83.0,85.0,0.478,0.13,0.267,0.03,0.625,1.0,1.0,8.933,8.933,8.933,8.933,8.919,8.696,0.475,0.442,0.426,0.408,0.39,0.372,4.25,4.188,4.0,4.1,4.1,4.1,0.924,0.927,0.93,0.933,0.936,0.938,0.0,0.25,0.814,0.84,0.879,0.834,1.172,0.984,31.1,31.1,31.1,31.7,31.9,31.9,24.6,24.6,24.7,24.8,24.6,24.6,0.2,0.2,0.2,0.2,0.5,0.5,0.0,0.0,0.0,0.0,0.0,0.0,43858.363,46285.764,47959.993,41139.545,42098.92,44349.59
50,Greece,Europe and Central Asia,36.0,40.0,43.0,46.0,44.0,44.0,42.0,47.0,41.0,0.19,0.14,0.02,0.017,0.503,1.0,1.0,5.965,5.965,5.965,5.965,5.853,5.878,0.316,0.343,0.339,0.332,0.325,0.318,4.25,4.188,4.0,4.1,4.1,4.1,0.853,0.858,0.863,0.868,0.866,0.871,-1.0,0.22,1.54,1.425,1.0,0.872,0.791,0.814,36.3,36.1,35.8,36.0,35.0,34.4,26.6,26.4,26.1,26.2,25.9,25.9,6.3,7.1,7.1,7.0,5.6,4.7,1.5,1.0,1.5,1.4,1.1,0.9,22242.682,21874.82,21760.98,18167.774,18116.46,18930.219
51,Hungary,Europe and Central Asia,55.0,54.0,54.0,51.0,48.0,48.0,43.0,59.0,50.0,0.259,0.13,0.061,0.005,0.377,1.0,1.0,4.339,4.339,4.339,4.339,4.461,4.678,0.783,0.776,0.754,0.739,0.724,0.709,4.25,4.188,4.0,4.1,4.1,4.1,0.835,0.835,0.835,0.835,0.838,0.841,-1.0,0.28,1.257,1.566,1.489,2.26,2.071,2.487,30.8,31.5,30.9,30.4,30.3,30.6,23.9,24.4,24.0,23.8,23.8,23.9,4.3,4.3,3.1,2.7,2.6,3.0,0.3,0.1,0.6,0.6,1.3,0.6,12918.248,13687.246,14246.11,12651.568,12992.376,14457.609
52,Iceland,Europe and Central Asia,82.0,78.0,79.0,79.0,78.0,78.0,85.0,83.0,85.0,0.558,0.09,0.021,0.023,1.587,1.0,1.0,6.216,6.216,6.216,6.216,6.164,6.336,0.253,0.242,0.238,0.233,0.228,0.223,4.25,4.188,4.0,4.1,4.1,4.1,0.917,0.92,0.924,0.927,0.932,0.935,3.0,0.64,0.307,0.306,0.609,0.908,0.301,0.897,26.8,25.4,27.8,26.8,26.8,26.8,22.1,21.3,23.5,22.5,22.5,22.5,0.2,0.1,0.1,0.1,0.1,0.1,0.0,0.0,0.0,0.0,0.0,0.0,45910.021,49522.237,54241.935,52564.429,61466.804,71310.939
53,Ireland,Europe and Central Asia,69.0,72.0,74.0,75.0,73.0,73.0,83.0,71.0,76.0,0.33,0.124,0.105,0.046,0.587,1.0,1.0,7.526,7.526,7.526,7.526,7.762,7.439,0.47,0.456,0.446,0.432,0.418,0.404,4.25,4.188,4.0,4.1,4.1,4.1,0.899,0.908,0.917,0.926,0.936,0.939,13.0,0.71,1.128,1.105,1.124,0.666,0.788,0.863,33.2,33.5,31.9,31.8,32.8,32.8,25.9,26.1,24.9,25.4,25.9,25.9,0.9,1.4,0.9,0.8,0.7,0.7,0.2,0.7,0.4,0.3,0.1,0.1,48917.898,51590.188,55492.983,61995.423,63197.082,69822.347
54,Italy,Europe and Central Asia,42.0,43.0,43.0,44.0,47.0,47.0,47.0,59.0,41.0,0.259,0.116,0.147,0.046,0.486,1.0,1.0,5.428,5.428,5.428,5.428,5.371,5.31,0.557,0.583,0.583,0.55,0.517,0.484,4.25,4.188,4.0,4.1,4.1,4.1,0.872,0.873,0.874,0.875,0.878,0.881,-1.0,0.17,0.885,0.834,0.786,0.774,0.659,0.611,35.2,34.9,34.7,35.4,35.2,35.9,26.4,25.9,25.5,25.8,26.0,26.7,2.9,2.8,2.7,3.4,3.2,3.1,1.2,1.4,1.2,1.9,1.6,1.4,35053.526,35549.975,35518.415,30230.226,30939.714,32406.72
55,Kazakhstan,Europe and Central Asia,28.0,26.0,29.0,28.0,29.0,29.0,45.0,34.0,24.0,0.029,0.25,0.566,0.009,0.278,1.0,1.0,14.009,14.009,14.009,14.009,14.327,14.179,0.487,0.41,0.4,0.398,0.396,0.394,4.25,4.188,4.0,4.1,4.1,4.1,0.784,0.791,0.798,0.806,0.808,0.813,9.0,0.84,7.558,6.578,5.225,4.854,4.854,5.061,28.2,27.1,27.0,26.8,27.2,27.5,22.9,22.5,22.6,22.6,22.7,23.0,7.0,4.4,5.0,6.0,9.6,6.6,0.0,0.0,0.0,0.0,0.0,0.0,12386.7,13890.632,12807.261,10510.772,7714.842,9247.581
56,Kyrgyz Republic,Europe and Central Asia,24.0,24.0,27.0,28.0,28.0,28.0,23.0,22.0,60.295,0.213,0.116,0.801,0.001,0.187,1.0,1.0,1.661,1.661,1.661,1.661,1.529,1.437,0.696,0.704,0.709,0.712,0.715,0.718,4.5,4.5,4.0,4.5,4.5,4.5,0.654,0.658,0.662,0.666,0.669,0.671,-1.0,0.73,6.76,5.252,5.475,5.118,4.396,4.136,27.4,28.8,26.8,29.0,26.8,27.3,23.1,23.9,22.9,24.8,22.9,23.3,63.5,64.3,60.7,63.9,61.4,60.5,2.5,2.2,0.9,1.8,1.0,1.1,1177.975,1282.437,1279.77,1121.083,1120.667,1242.77
57,Latvia,Europe and Central Asia,49.0,53.0,55.0,55.0,57.0,57.0,48.0,59.0,50.0,0.212,0.077,0.053,0.013,0.433,1.0,1.0,3.463,3.463,3.463,3.463,3.471,3.441,0.661,0.641,0.594,0.567,0.54,0.513,4.25,4.188,4.0,4.1,4.1,4.1,0.83,0.834,0.838,0.842,0.845,0.849,4.0,0.56,3.383,2.445,3.166,3.354,3.495,4.152,35.2,35.5,35.1,34.2,34.3,35.6,26.6,26.8,26.6,26.2,25.8,26.9,7.4,6.0,5.5,3.9,3.6,3.4,1.0,1.1,0.8,0.6,0.6,0.8,13850.643,15041.174,15740.327,13698.938,14153.415,15586.582
58,Lithuania,Europe and Central Asia,54.0,57.0,58.0,61.0,59.0,59.0,56.0,59.0,58.0,0.229,0.102,0.057,0.028,0.448,1.0,1.0,3.632,3.632,3.632,3.632,3.748,3.831,0.372,0.341,0.327,0.31,0.293,0.276,4.25,4.188,4.0,4.1,4.1,4.1,0.832,0.84,0.847,0.855,0.86,0.866,5.0,0.67,6.633,6.58,5.351,5.867,5.295,4.534,35.1,35.3,37.7,37.4,38.4,37.3,26.8,27.1,28.9,28.6,29.6,28.4,5.5,4.9,4.8,4.2,4.5,3.8,0.9,0.7,1.3,0.7,1.3,1.0,14339.288,15702.143,16548.406,14249.115,14999.48,16882.639
59,Luxembourg,Europe and Central Asia,80.0,80.0,82.0,81.0,81.0,81.0,85.0,83.0,85.0,0.284,0.18,0.416,0.013,0.625,1.0,1.0,15.474,15.474,15.474,15.474,14.558,14.458,0.525,0.52,0.514,0.504,0.494,0.484,4.25,4.188,4.0,4.1,4.1,4.1,0.889,0.892,0.896,0.899,0.904,0.908,2.0,0.22,0.0,0.184,0.721,0.882,0.863,0.338,34.3,32.0,31.2,33.8,33.0,34.9,26.4,24.2,24.3,25.4,24.7,25.8,0.3,0.3,0.3,0.6,0.3,0.7,0.0,0.1,0.1,0.3,0.1,0.3,106749.014,113625.133,118823.648,101376.497,104278.391,107627.151
60,Macedonia,Europe and Central Asia,43.0,44.0,45.0,42.0,37.0,37.0,54.0,34.0,60.295,0.002,0.139,0.02,0.001,0.383,1.0,1.0,3.431,3.431,3.431,3.431,3.339,3.572,0.717,0.714,0.713,0.71,0.707,0.704,4.25,4.188,4.0,4.1,4.1,4.1,0.738,0.743,0.748,0.753,0.757,0.758,2.0,0.41,1.398,1.06,1.684,1.202,0.913,1.489,38.1,36.2,35.2,35.6,34.5,34.2,26.5,25.4,24.9,24.8,24.1,23.8,31.2,29.5,26.1,24.7,21.5,19.5,6.9,5.2,4.5,5.5,4.3,4.6,4698.141,5210.676,5468.481,4840.273,5129.159,5430.874
61,Malta,Europe and Central Asia,57.0,56.0,55.0,56.0,55.0,55.0,54.0,59.0,58.0,0.067,0.12,0.085,0.018,0.623,1.0,1.0,3.705,3.705,3.705,3.705,2.976,3.261,0.302,0.413,0.416,0.53,0.644,0.758,4.25,4.188,4.0,4.1,4.1,4.1,0.853,0.861,0.869,0.877,0.881,0.883,2.0,0.55,2.845,1.643,1.395,0.923,1.147,2.055,29.4,28.8,29.0,29.4,29.1,29.2,23.4,23.1,23.3,23.6,23.1,23.3,0.4,0.2,0.1,0.3,0.3,0.3,0.1,0.0,0.0,0.1,0.1,0.2,21916.412,23837.28,26008.828,24002.523,25133.046,27239.07
62,Moldova,Europe and Central Asia,36.0,35.0,35.0,33.0,30.0,30.0,23.0,34.0,32.0,0.153,0.1,0.0,0.002,1.12,1.0,1.0,2.132,2.132,2.132,2.132,2.171,2.12,0.736,0.746,0.75,0.747,0.744,0.741,5.0,4.5,4.5,4.5,4.5,4.5,0.702,0.702,0.702,0.703,0.705,0.709,-3.0,0.56,5.619,4.148,4.296,4.643,4.919,3.473,29.2,28.5,26.8,27.0,26.3,25.9,23.6,23.3,22.1,22.5,22.7,21.7,24.0,19.2,17.9,15.5,15.9,15.8,0.3,0.1,0.0,0.0,0.2,0.1,3045.74,3322.038,3328.801,2732.457,2880.439,3509.693
63,Montenegro,Europe and Central Asia,41.0,44.0,42.0,44.0,45.0,45.0,39.0,47.0,60.295,0.054,0.184,0.006,0.01,0.534,1.0,1.0,3.791,3.791,3.791,3.791,3.397,3.547,0.525,0.52,0.514,0.504,0.494,0.484,4.25,4.188,4.0,4.1,4.1,4.1,0.798,0.801,0.804,0.807,0.809,0.813,1.0,0.36,2.716,1.597,3.192,2.712,4.464,2.39,41.2,39.0,38.8,39.0,39.0,39.0,28.7,27.2,26.9,27.7,27.7,27.7,23.6,20.2,20.5,19.3,19.3,19.3,3.4,3.2,1.7,1.4,1.4,1.4,6586.721,7189.293,7388.148,6517.164,7033.605,7803.411
64,Netherlands,Europe and Central Asia,84.0,83.0,83.0,87.0,83.0,83.0,82.0,83.0,85.0,0.246,0.14,0.285,0.032,0.523,1.0,1.0,9.319,9.319,9.319,9.319,9.28,9.081,0.339,0.332,0.325,0.309,0.293,0.277,4.25,4.188,4.0,4.1,4.1,4.1,0.923,0.924,0.926,0.927,0.929,0.932,-3.0,0.31,0.864,0.742,0.728,0.614,0.554,0.775,27.6,28.1,28.6,28.2,28.2,28.5,22.5,22.8,23.3,23.0,22.9,23.3,0.2,0.2,0.4,0.4,0.3,0.4,0.1,0.1,0.1,0.1,0.0,0.2,50073.006,52184.062,52830.174,45175.232,46007.853,48675.222
65,Norway,Europe and Central Asia,85.0,86.0,86.0,87.0,85.0,85.0,80.0,83.0,93.0,0.262,0.022,0.286,0.029,0.422,1.0,1.0,6.914,6.914,6.914,6.914,6.738,6.587,0.218,0.206,0.202,0.2,0.198,0.196,4.25,4.188,4.0,4.1,4.1,4.1,0.945,0.946,0.947,0.948,0.951,0.953,0.0,0.16,0.539,0.906,0.564,0.462,0.514,0.529,25.7,26.4,26.8,27.5,28.5,27.0,20.9,21.3,21.6,22.3,23.1,21.6,0.2,0.4,0.3,0.3,0.6,0.5,0.1,0.1,0.1,0.1,0.3,0.3,101524.142,102913.451,97019.183,74355.516,70459.183,75496.754
66,Poland,Europe and Central Asia,58.0,60.0,61.0,62.0,62.0,62.0,56.0,59.0,58.0,0.264,0.121,0.044,0.006,0.286,1.0,1.0,7.352,7.352,7.352,7.352,7.63,7.96,0.496,0.495,0.478,0.447,0.416,0.385,4.25,4.188,4.0,4.1,4.1,4.1,0.847,0.851,0.854,0.858,0.864,0.868,2.0,0.54,1.07,0.799,0.753,0.784,0.684,0.756,33.0,33.1,32.8,31.8,31.2,29.7,25.3,25.4,25.2,24.2,24.6,23.5,2.8,2.8,2.7,2.5,1.6,1.3,0.2,0.4,0.3,0.4,0.2,0.3,13145.539,13781.063,14347.915,12572.427,12431.816,13861.309
67,Portugal,Europe and Central Asia,63.0,62.0,63.0,63.0,62.0,62.0,59.0,59.0,67.0,0.162,0.107,0.067,0.016,0.453,1.0,1.0,4.531,4.531,4.531,4.531,4.496,4.928,0.674,0.668,0.658,0.63,0.602,0.574,4.25,4.188,4.0,4.1,4.1,4.1,0.834,0.837,0.84,0.843,0.846,0.848,1.0,0.42,1.159,1.375,0.883,0.964,0.639,0.739,36.0,36.2,35.6,35.5,35.2,33.8,27.8,27.5,27.4,27.3,27.6,26.7,4.4,4.4,3.5,2.8,2.7,1.8,0.7,0.8,0.5,0.5,0.4,0.4,20564.89,21647.042,22074.301,19242.366,19978.401,21490.43
68,Romania,Europe and Central Asia,44.0,43.0,43.0,46.0,48.0,48.0,37.0,59.0,41.0,0.057,0.123,0.03,0.007,0.247,1.0,1.0,3.51,3.51,3.51,3.51,3.45,3.614,0.753,0.748,0.736,0.723,0.71,0.697,4.25,4.188,4.0,4.1,4.1,4.1,0.797,0.8,0.803,0.806,0.808,0.813,2.0,0.29,1.048,1.083,1.622,1.701,1.546,1.297,36.5,36.9,36.0,35.9,34.4,36.0,25.5,25.4,24.5,24.8,23.7,24.9,27.3,27.7,25.5,22.9,17.4,12.8,5.6,6.0,6.5,4.6,2.8,3.1,8535.047,9555.244,10026.974,8977.437,9567.129,10807.795
69,Russia,Europe and Central Asia,28.0,28.0,27.0,29.0,29.0,29.0,38.0,34.0,24.0,0.045,0.142,0.768,0.01,0.419,1.0,1.0,10.649,10.649,10.649,10.649,10.465,10.636,0.722,0.709,0.699,0.694,0.689,0.684,4.25,4.188,4.0,4.1,4.1,4.1,0.798,0.803,0.808,0.813,0.817,0.822,3.0,0.69,11.283,11.109,11.417,11.481,10.92,9.134,40.7,40.9,39.9,37.7,36.8,37.2,32.2,32.5,31.9,29.7,28.6,29.2,4.3,3.8,3.6,4.1,4.1,3.8,0.0,0.0,0.0,0.0,0.0,0.0,15420.875,15974.645,14095.649,9313.014,8704.898,10720.333
70,Serbia,Europe and Central Asia,39.0,42.0,41.0,40.0,42.0,42.0,39.0,47.0,32.0,0.008,0.127,1.899,0.002,0.259,1.0,1.0,6.266,6.266,6.266,6.266,6.443,6.569,0.53,0.457,0.466,0.398,0.33,0.262,4.25,4.188,4.0,4.1,4.1,4.1,0.77,0.775,0.78,0.785,0.791,0.794,4.0,0.6,1.242,1.592,1.349,1.172,1.389,1.065,39.9,39.5,40.5,40.5,38.8,36.2,28.7,28.2,28.6,29.2,27.3,25.6,22.1,24.7,25.4,23.8,22.0,19.3,5.3,5.8,6.9,6.6,6.4,5.4,6015.945,6755.074,6600.057,5585.118,5756.381,6284.193
71,Slovakia,Europe and Central Asia,46.0,47.0,50.0,51.0,51.0,51.0,34.0,59.0,50.0,0.076,0.11,0.069,0.006,0.329,1.0,1.0,5.431,5.431,5.431,5.431,5.553,5.924,0.26,0.256,0.25,0.238,0.226,0.214,4.25,4.188,4.0,4.1,4.1,4.1,0.841,0.844,0.846,0.849,0.851,0.854,1.0,0.42,1.163,1.31,1.271,0.809,1.047,1.468,26.1,28.1,26.1,26.5,25.2,25.2,20.5,22.2,20.3,20.9,19.9,19.9,2.7,2.9,3.5,2.8,3.2,3.2,0.3,0.3,0.6,0.7,1.3,1.3,17460.047,18236.981,18670.93,16309.073,16505.975,17554.308
72,Slovenia,Europe and Central Asia,61.0,57.0,58.0,60.0,61.0,61.0,58.0,71.0,58.0,0.464,0.116,0.075,0.013,0.449,1.0,1.0,6.207,6.207,6.207,6.207,6.579,6.491,0.492,0.498,0.468,0.438,0.408,0.378,4.25,4.188,4.0,4.1,4.1,4.1,0.883,0.884,0.885,0.886,0.892,0.899,0.0,0.29,0.68,0.582,0.774,0.966,0.482,0.915,25.6,26.2,25.7,25.4,24.8,24.2,21.1,21.4,21.2,21.1,20.6,20.4,0.2,0.2,0.2,0.1,0.1,0.1,0.0,0.0,0.0,0.0,0.0,0.0,22643.1,23496.602,24214.922,20881.767,21622.581,23500.752
73,Spain,Europe and Central Asia,65.0,59.0,60.0,58.0,58.0,58.0,51.0,59.0,58.0,0.168,0.09,0.064,0.026,0.434,1.0,1.0,5.324,5.324,5.324,5.324,5.111,5.446,0.532,0.542,0.53,0.485,0.44,0.395,4.25,4.188,4.0,4.1,4.1,4.1,0.87,0.875,0.88,0.885,0.888,0.891,1.0,0.4,0.773,0.644,0.69,0.647,0.63,0.658,35.4,36.2,36.1,36.2,35.8,34.7,25.8,25.9,26.0,26.2,25.9,25.4,3.1,3.4,2.9,3.2,3.2,2.2,0.9,1.2,0.8,0.9,1.2,0.7,28324.429,29059.548,29461.55,25732.018,26505.343,28170.435
74,Sweden,Europe and Central Asia,88.0,89.0,87.0,89.0,88.0,88.0,86.0,83.0,93.0,0.324,0.066,0.262,0.074,0.447,1.0,1.0,3.787,3.787,3.787,3.787,3.828,3.743,0.338,0.332,0.329,0.328,0.327,0.326,4.25,4.188,4.0,4.1,4.1,4.1,0.925,0.927,0.93,0.932,0.934,0.935,-4.0,0.42,0.713,0.905,0.898,1.147,1.078,1.141,27.6,28.8,28.4,29.2,29.6,28.8,21.6,22.2,22.2,22.9,23.3,22.3,0.9,1.1,0.9,1.0,0.6,0.5,0.5,0.6,0.5,0.4,0.3,0.2,58037.821,61126.943,60020.36,51545.484,51965.157,53791.509
75,Switzerland,Europe and Central Asia,86.0,85.0,86.0,86.0,86.0,86.0,80.0,83.0,85.0,0.32,0.15,0.143,0.022,0.723,1.0,1.0,4.507,4.507,4.507,4.507,4.521,4.394,0.284,0.268,0.268,0.263,0.258,0.253,4.25,4.188,4.0,4.1,4.1,4.1,0.936,0.938,0.94,0.943,0.943,0.943,0.0,0.18,0.562,0.703,0.5,0.687,0.537,0.532,31.6,32.5,32.5,32.3,33.0,32.7,25.0,25.5,25.5,25.2,25.8,25.5,0.0,0.1,0.1,0.0,0.1,0.1,0.0,0.0,0.0,0.0,0.0,0.0,83538.23,85112.464,86605.563,82081.597,80172.232,80449.995
76,Turkey,Europe and Central Asia,49.0,50.0,45.0,42.0,41.0,41.0,49.0,47.0,41.0,0.213,0.03,0.044,0.008,0.4,1.0,1.0,4.078,4.078,4.078,4.078,4.275,4.714,0.675,0.676,0.666,0.662,0.658,0.654,4.25,4.188,4.0,4.1,4.1,4.1,0.772,0.781,0.79,0.8,0.8,0.805,5.0,1.03,4.308,4.308,4.308,2.846,3.338,3.086,40.2,40.2,41.2,42.9,41.9,41.4,30.5,30.6,31.6,33.5,32.1,31.9,12.3,10.7,10.0,10.7,9.5,8.7,0.1,0.3,0.2,0.2,0.2,0.1,11707.26,12519.391,12095.855,10948.725,10820.634,10513.648
77,Ukraine,Europe and Central Asia,26.0,25.0,26.0,27.0,29.0,29.0,27.0,34.0,24.0,0.032,0.07,9.955,0.006,0.339,1.0,1.0,4.154,4.154,4.154,4.154,4.391,3.821,0.736,0.726,0.732,0.732,0.732,0.732,4.25,4.188,4.0,4.1,4.1,4.1,0.745,0.744,0.743,0.742,0.746,0.747,-5.0,0.29,5.139,5.139,6.307,6.307,6.307,6.184,24.7,24.6,24.0,25.5,25.0,26.0,20.8,21.1,20.6,21.6,21.2,21.7,3.4,2.8,2.5,6.3,5.6,4.6,0.0,0.0,0.0,0.0,0.0,0.0,3855.418,4029.711,3104.643,2124.662,2187.731,2640.676
78,United Kingdom,Europe and Central Asia,74.0,76.0,78.0,81.0,81.0,81.0,80.0,71.0,85.0,0.272,0.202,0.088,0.055,0.485,1.0,1.0,6.053,6.053,6.053,6.053,5.675,5.432,0.401,0.401,0.403,0.399,0.395,0.391,4.25,4.188,4.0,4.1,4.1,4.1,0.913,0.914,0.915,0.916,0.918,0.919,-3.0,0.21,0.96,0.915,0.888,0.985,1.212,1.238,32.3,33.2,34.0,33.2,34.8,34.8,24.6,25.3,26.1,25.4,26.8,26.8,0.6,0.4,0.6,0.7,0.5,0.5,0.2,0.2,0.2,0.1,0.2,0.2,42462.772,43444.533,47425.608,44974.832,41064.133,40361.417
79,Egypt,Middle East and North Africa,32.0,32.0,37.0,36.0,34.0,34.0,42.0,22.0,32.0,0.125,0.13,0.004,0.006,0.239,1.0,0.0,2.128,2.128,2.128,2.128,2.133,2.145,0.721,0.727,0.729,0.737,0.745,0.753,2.5,2.5,2.5,2.25,2.25,2.25,0.677,0.681,0.686,0.69,0.695,0.696,-2.0,0.62,2.554,2.554,2.554,2.554,2.554,2.554,28.3,28.3,28.3,31.8,31.8,31.5,24.8,25.8,26.8,27.8,27.35,26.9,67.7,66.6,65.5,64.4,68.5,72.6,1.5,1.533,1.567,1.6,2.7,3.8,3232.649,3264.379,3378.831,3598.971,3525.02,2440.51
80,Iran,Middle East and North Africa,28.0,25.0,27.0,27.0,29.0,29.0,34.0,34.0,24.0,0.05,0.085,0.1,0.008,0.223,1.0,1.0,6.972,6.972,6.972,6.972,6.906,6.987,0.656,0.667,0.648,0.632,0.616,0.6,2.5,2.5,2.5,2.25,2.25,2.25,0.783,0.785,0.787,0.789,0.799,0.799,-3.0,0.68,2.663,2.663,2.499,2.499,2.499,2.499,37.4,37.4,38.8,39.5,40.0,40.8,29.0,29.0,29.8,30.6,30.8,31.3,9.9,9.9,12.3,12.7,13.5,12.9,0.1,0.1,0.4,0.4,0.4,0.3,7927.847,6018.324,5585.527,4904.327,5253.425,5520.311
81,Iraq,Middle East and North Africa,18.0,16.0,16.0,16.0,17.0,17.0,50.8,10.0,15.0,0.096,0.053,0.001,0.006,0.364,0.0,0.0,3.621,3.621,3.621,3.621,3.772,3.655,0.696,0.699,0.697,0.698,0.699,0.7,2.5,2.5,2.5,2.25,2.25,2.25,0.661,0.662,0.664,0.665,0.672,0.684,-1.0,0.68,8.457,10.07,10.07,10.07,10.07,10.07,29.5,29.5,29.5,29.5,29.5,29.5,23.7,23.7,23.7,23.7,23.7,23.7,52.4,52.4,52.4,52.4,52.4,52.4,1.7,1.7,1.7,1.7,1.7,1.7,6836.027,7076.555,6818.805,4989.803,4776.726,5205.288
82,Israel,Middle East and North Africa,60.0,61.0,60.0,61.0,64.0,64.0,69.0,59.0,58.0,0.25,0.18,0.038,0.014,0.644,1.0,1.0,7.631,7.631,7.631,7.631,7.384,7.322,0.432,0.435,0.437,0.423,0.409,0.395,2.5,2.5,2.5,2.25,2.25,2.25,0.892,0.895,0.898,0.901,0.902,0.904,-1.0,0.27,1.681,1.642,1.375,1.379,1.283,1.492,41.3,41.3,39.8,39.8,39.0,39.0,29.6,28.9,28.2,28.0,27.8,27.8,4.5,4.0,3.5,3.1,2.7,2.7,0.5,0.5,0.5,0.35,0.2,0.2,32511.238,36309.469,37678.89,35776.795,37321.624,40541.862
83,Morocco,Middle East and North Africa,37.0,37.0,39.0,36.0,37.0,37.0,42.0,34.0,41.0,0.08,0.08,0.008,0.001,0.2,0.0,1.0,1.591,1.591,1.591,1.591,1.568,1.627,0.685,0.694,0.7,0.706,0.712,0.718,2.5,2.5,2.5,2.25,2.25,2.25,0.639,0.646,0.653,0.66,0.669,0.675,2.0,1.14,1.152,1.272,1.038,1.243,1.691,2.139,39.5,39.5,39.5,39.5,39.5,39.5,31.9,31.9,31.9,31.9,31.9,31.9,30.2,30.2,30.2,30.2,30.2,30.2,0.9,0.9,0.9,0.9,0.9,0.9,2912.658,3121.681,3171.699,2875.258,2896.72,3036.325
84,Tunisia,Middle East and North Africa,41.0,41.0,40.0,38.0,41.0,41.0,37.0,47.0,41.0,0.04,0.11,0.013,0.008,0.242,1.0,1.0,2.272,2.272,2.272,2.272,2.211,2.268,0.769,0.773,0.773,0.774,0.775,0.776,2.5,2.5,2.5,2.25,2.25,2.25,0.722,0.725,0.728,0.731,0.736,0.738,3.0,0.39,3.061,3.061,3.061,3.061,3.061,3.061,32.8,32.8,32.8,32.8,32.8,32.8,25.6,25.6,25.6,25.6,25.6,25.6,17.5,17.5,17.5,17.5,17.5,17.5,0.2,0.2,0.2,0.2,0.2,0.2,4152.679,4222.703,4305.474,3861.689,3697.931,3481.229
85,Yemen,Middle East and North Africa,23.0,18.0,19.0,18.0,14.0,14.0,12.0,10.0,15.0,0.08,0.1,0.001,0.002,0.175,1.0,1.0,0.433,0.433,0.433,0.433,0.34,0.316,0.543,0.545,0.544,0.52,0.496,0.472,2.0,2.0,2.0,1.5,1.5,1.5,0.512,0.506,0.5,0.493,0.477,0.463,-18.0,-0.94,6.603,6.772,6.772,6.772,6.772,6.772,36.7,36.7,36.7,36.7,36.7,36.7,29.4,29.4,29.4,29.4,29.4,29.4,81.0,81.0,81.0,81.0,81.0,81.0,18.3,18.3,18.3,18.3,18.3,18.3,1446.536,1607.152,1673.146,1395.44,1033.733,882.396
86,Benin,Sub-Saharan Africa,36.0,36.0,39.0,37.0,36.0,36.0,20.0,34.0,30.656,0.25,0.073,0.012,0.001,0.124,1.0,1.0,0.498,0.498,0.498,0.498,0.607,0.605,0.527,0.539,0.544,0.547,0.55,0.553,3.5,3.5,3.5,3.5,3.5,3.5,0.495,0.5,0.505,0.51,0.512,0.515,0.0,1.19,1.127,1.127,1.127,1.127,1.127,1.127,47.8,47.8,47.8,47.8,47.8,47.8,37.6,37.6,37.6,37.6,37.6,37.6,90.6,90.6,90.6,90.6,90.6,90.6,49.6,49.6,49.6,49.6,49.6,49.6,1145.141,1251.211,1291.41,1076.798,1087.288,1136.593
87,Burkina Faso,Sub-Saharan Africa,38.0,38.0,38.0,38.0,42.0,42.0,32.194,47.0,41.0,0.12,0.09,0.0,0.001,0.142,0.0,1.0,0.998,0.998,0.998,0.998,0.995,1.002,0.425,0.432,0.436,0.444,0.452,0.46,3.5,3.5,3.5,3.5,3.5,3.5,0.395,0.401,0.407,0.413,0.42,0.429,3.0,1.84,0.694,0.709,0.739,0.646,1.121,1.25,35.3,35.3,35.3,35.3,35.3,35.3,29.6,29.6,29.6,29.6,29.6,29.6,92.3,92.3,92.3,92.3,92.3,92.3,43.8,43.8,43.8,43.8,43.8,43.8,758.001,787.47,792.847,653.327,687.67,738.274
88,Burundi,Sub-Saharan Africa,19.0,21.0,20.0,21.0,20.0,20.0,24.0,22.0,30.656,0.091,0.035,0.012,0.001,0.278,1.0,1.0,0.998,0.998,0.998,0.998,0.995,1.002,0.44,0.446,0.453,0.45,0.447,0.444,4.0,4.0,4.0,4.0,4.0,4.0,0.42,0.422,0.424,0.427,0.427,0.421,-3.0,0.65,5.408,5.451,5.729,4.537,6.055,6.055,38.6,38.6,38.6,38.6,38.6,38.6,31.0,31.0,31.0,31.0,31.0,31.0,96.9,96.9,96.9,96.9,96.9,96.9,72.8,72.8,72.8,72.8,72.8,72.8,252.359,256.976,274.858,305.55,282.193,292.998
89,Cabo Verde,Sub-Saharan Africa,60.0,58.0,57.0,55.0,59.0,59.0,49.0,59.0,30.656,0.091,0.085,0.007,0.005,0.258,1.0,1.0,0.998,0.998,0.998,0.998,0.995,1.002,0.682,0.689,0.69,0.693,0.696,0.699,4.5,4.5,4.5,4.0,4.0,4.0,0.64,0.641,0.642,0.643,0.645,0.647,-1.0,0.48,11.084,10.552,12.542,8.766,11.673,7.07,42.4,42.4,42.4,42.4,42.4,42.4,32.3,32.3,32.3,32.3,32.3,32.3,41.3,41.3,41.3,41.3,41.3,41.3,3.4,3.4,3.4,3.4,3.4,3.4,3447.524,3615.979,3588.674,3043.014,3130.963,3292.646
90,Cameroon,Sub-Saharan Africa,26.0,25.0,27.0,27.0,26.0,26.0,22.0,34.0,32.0,0.004,0.033,0.0,0.001,0.151,1.0,1.0,0.26,0.26,0.26,0.26,0.26,0.256,0.567,0.576,0.585,0.59,0.595,0.6,3.0,3.0,3.0,3.0,3.0,3.0,0.522,0.531,0.54,0.548,0.556,0.56,3.0,2.26,4.096,4.096,0.935,1.155,1.154,1.388,46.6,46.6,46.6,46.6,46.6,46.6,35.0,35.0,35.0,35.0,35.0,35.0,71.1,71.1,71.1,71.1,71.1,71.1,26.0,26.0,26.0,26.0,26.0,26.0,1354.546,1465.639,1542.62,1327.503,1364.33,1425.108
91,Ethiopia,Sub-Saharan Africa,33.0,33.0,33.0,33.0,34.0,34.0,37.0,34.0,32.0,0.091,0.023,0.012,0.0,0.065,1.0,1.0,0.101,0.101,0.101,0.101,0.116,0.124,0.463,0.472,0.479,0.486,0.493,0.5,3.0,3.0,3.0,3.0,3.0,3.0,0.432,0.439,0.446,0.453,0.46,0.466,3.0,1.66,8.792,8.792,8.792,8.792,8.792,8.792,35.0,35.0,35.0,35.0,35.0,35.0,28.5,28.5,28.5,28.5,28.5,28.5,90.7,90.7,90.7,90.7,90.7,90.7,32.6,32.6,32.6,32.6,32.6,32.6,467.078,499.532,566.926,640.542,717.125,768.522
92,Ghana,Sub-Saharan Africa,45.0,46.0,48.0,47.0,43.0,43.0,30.0,34.0,50.0,0.091,0.04,0.012,0.002,0.164,1.0,1.0,0.511,0.511,0.511,0.511,0.46,0.478,0.614,0.622,0.621,0.63,0.639,0.648,4.0,4.0,4.0,4.0,4.0,4.0,0.574,0.578,0.581,0.585,0.587,0.591,-3.0,0.91,2.154,2.071,1.995,1.885,1.928,2.091,42.4,42.4,42.4,42.4,43.5,43.5,31.8,31.9,32.0,32.1,32.2,32.2,59.8,58.925,58.05,57.175,56.3,56.3,11.6,11.95,12.3,12.65,13.0,13.0,1587.561,2345.393,1971.033,1743.851,1931.389,2025.932
93,Kenya,Sub-Saharan Africa,27.0,27.0,25.0,25.0,26.0,26.0,30.0,22.0,24.0,0.08,0.187,0.012,0.0,0.135,1.0,1.0,0.312,0.312,0.312,0.312,0.336,0.327,0.602,0.61,0.616,0.623,0.63,0.637,3.5,3.5,3.5,3.5,3.5,3.5,0.546,0.551,0.556,0.562,0.568,0.574,0.0,1.04,5.354,5.382,4.936,4.722,4.817,4.91,40.8,40.8,40.8,40.8,40.8,40.8,31.6,31.6,31.6,31.6,31.6,31.6,86.6,86.6,86.6,86.6,86.6,86.6,37.1,37.1,37.1,37.1,37.1,37.1,1136.871,1210.388,1315.805,1336.883,1410.528,1572.335
94,Lesotho,Sub-Saharan Africa,45.0,49.0,49.0,44.0,39.0,39.0,20.0,59.0,30.656,0.091,0.085,0.012,0.001,0.037,1.0,1.0,0.998,0.998,0.998,0.998,0.995,1.002,0.533,0.535,0.539,0.541,0.543,0.545,4.0,4.0,4.0,4.0,4.0,4.0,0.48,0.486,0.492,0.499,0.507,0.514,2.0,1.46,31.812,32.437,32.437,43.565,43.565,43.565,44.9,44.9,44.9,44.9,44.9,44.9,32.9,32.9,32.9,32.9,32.9,32.9,73.7,73.7,73.7,73.7,73.7,73.7,27.8,27.8,27.8,27.8,27.8,27.8,1253.696,1193.713,1223.333,1152.14,1043.57,1150.079
95,Liberia,Sub-Saharan Africa,41.0,38.0,37.0,37.0,37.0,37.0,45.0,34.0,41.0,0.091,0.085,0.012,0.002,0.161,1.0,1.0,0.998,0.998,0.998,0.998,0.995,1.002,0.453,0.462,0.464,0.465,0.466,0.467,3.0,3.0,3.0,3.0,3.0,3.0,0.463,0.463,0.463,0.463,0.463,0.466,-4.0,0.67,3.264,3.264,3.264,3.264,3.264,3.264,33.2,33.2,33.2,33.2,35.3,35.3,26.0,26.0,26.0,26.55,27.1,27.1,94.1,94.1,94.1,93.65,93.2,93.2,41.7,41.7,41.7,43.05,44.4,44.4,657.936,721.93,721.183,710.384,714.623,698.702
96,Malawi,Sub-Saharan Africa,37.0,37.0,33.0,31.0,31.0,31.0,27.0,34.0,32.0,0.091,0.085,0.012,0.001,0.078,1.0,1.0,0.998,0.998,0.998,0.998,0.995,1.002,0.49,0.497,0.504,0.506,0.508,0.51,3.5,3.5,3.5,3.5,3.5,3.5,0.457,0.463,0.469,0.475,0.478,0.482,0.0,1.32,1.812,1.812,1.812,1.812,1.812,1.812,44.7,44.7,44.7,44.7,44.7,44.7,38.1,38.1,38.1,38.1,38.1,38.1,96.8,96.8,96.8,96.8,96.8,96.8,70.8,70.8,70.8,70.8,70.8,70.8,391.562,348.43,371.27,380.597,315.777,356.718
97,Mauritius,Sub-Saharan Africa,57.0,52.0,54.0,53.0,54.0,54.0,53.0,59.0,30.656,0.091,0.124,0.013,0.009,0.347,1.0,1.0,3.141,3.141,3.141,3.141,3.2,3.306,0.664,0.647,0.631,0.615,0.599,0.583,3.192,3.205,3.237,3.211,3.171,3.128,0.77,0.775,0.78,0.786,0.79,0.793,1.0,0.79,2.234,2.788,1.511,1.667,1.664,2.61,38.5,38.5,38.5,38.5,38.5,36.8,31.6,31.26,30.92,30.58,30.24,29.9,17.9,16.86,15.82,14.78,13.74,12.7,0.6,0.52,0.44,0.36,0.28,0.2,9291.228,9637.003,10153.938,9260.447,9681.619,10484.908
98,Namibia,Sub-Saharan Africa,48.0,48.0,49.0,53.0,52.0,52.0,49.0,59.0,50.0,0.045,0.085,0.012,0.009,0.165,1.0,1.0,1.59,1.59,1.59,1.59,1.606,1.593,0.646,0.656,0.664,0.67,0.676,0.682,3.192,3.205,3.237,3.211,3.171,3.128,0.614,0.622,0.63,0.637,0.639,0.643,-3.0,1.17,17.678,17.678,17.678,17.678,17.678,17.678,59.1,59.1,59.1,59.1,59.1,59.1,47.3,47.3,47.3,47.3,47.3,47.3,51.0,51.0,51.0,51.0,51.0,51.0,13.8,13.8,13.8,13.8,13.8,13.8,5942.274,5377.727,5435.172,4869.378,4523.091,5303.309
99,Niger,Sub-Saharan Africa,33.0,34.0,35.0,34.0,35.0,35.0,32.194,34.0,24.0,0.04,0.02,0.063,0.001,0.211,1.0,1.0,0.098,0.098,0.098,0.098,0.094,0.095,0.362,0.366,0.372,0.374,0.376,0.378,2.5,2.5,2.5,2.5,2.5,2.5,0.337,0.345,0.352,0.36,0.365,0.373,-1.0,2.09,4.428,4.428,4.428,4.428,4.428,4.428,34.3,34.3,34.3,34.3,34.3,34.3,27.0,27.0,27.0,27.0,27.0,27.0,93.6,93.6,93.6,93.6,93.6,93.6,45.4,45.4,45.4,45.4,45.4,45.4,526.351,548.893,562.122,483.339,494.719,516.888
100,Rwanda,Sub-Saharan Africa,53.0,53.0,49.0,54.0,54.0,54.0,76.0,59.0,30.656,0.091,0.085,0.012,0.0,0.368,1.0,1.0,0.998,0.998,0.998,0.998,0.995,1.002,0.539,0.541,0.549,0.55,0.551,0.552,4.0,4.0,4.0,4.5,4.5,4.5,0.502,0.506,0.51,0.515,0.525,0.529,2.0,1.19,2.427,3.321,3.862,2.577,2.577,2.577,45.1,45.1,45.1,45.1,43.7,43.7,37.9,37.9,37.133,36.367,35.6,35.6,92.6,92.6,92.367,92.133,91.9,91.9,57.9,57.9,57.433,56.967,56.5,56.5,728.697,726.18,747.001,754.907,748.504,772.318
101,South Africa,Sub-Saharan Africa,43.0,42.0,44.0,44.0,45.0,45.0,49.0,47.0,41.0,0.28,0.071,0.025,0.006,0.357,1.0,1.0,7.565,7.565,7.565,7.565,7.474,7.435,0.653,0.665,0.667,0.675,0.683,0.691,3.192,3.205,3.237,3.211,3.171,3.128,0.675,0.683,0.691,0.699,0.702,0.704,0.0,0.78,30.687,31.708,32.643,33.714,33.832,35.704,63.0,63.0,63.0,63.0,63.0,63.0,50.5,50.5,50.5,50.5,50.5,50.5,56.9,56.9,56.9,56.9,56.9,56.9,18.7,18.7,18.7,18.7,18.7,18.7,7501.47,6832.457,6433.187,5734.634,5272.918,6132.48
102,Tanzania,Sub-Saharan Africa,35.0,33.0,31.0,30.0,32.0,32.0,27.0,22.0,32.0,0.091,0.085,0.012,0.001,0.189,1.0,1.0,0.194,0.194,0.194,0.194,0.174,0.177,0.546,0.545,0.555,0.569,0.583,0.597,3.5,3.5,3.5,3.5,3.5,3.0,0.495,0.503,0.511,0.519,0.518,0.522,2.0,1.03,8.697,7.625,7.81,7.276,6.483,6.483,40.5,40.5,40.5,40.5,40.5,40.5,33.1,33.1,33.1,33.1,33.1,33.1,91.8,91.8,91.8,91.8,91.8,91.8,49.4,49.4,49.4,49.4,49.4,49.4,867.868,970.417,1030.093,947.933,966.475,1004.841
103,Uganda,Sub-Saharan Africa,29.0,26.0,26.0,25.0,25.0,25.0,27.0,22.0,24.0,0.06,0.076,0.012,0.001,0.201,1.0,1.0,0.998,0.998,0.998,0.998,0.995,1.002,0.529,0.534,0.539,0.544,0.549,0.554,3.5,3.5,3.5,3.5,3.0,3.0,0.497,0.503,0.509,0.515,0.52,0.522,2.0,0.97,11.765,10.806,12.118,12.118,11.304,11.502,41.0,41.0,41.0,41.0,42.8,42.8,32.9,33.225,33.55,33.875,34.2,34.2,87.0,87.175,87.35,87.525,87.7,87.7,35.7,37.15,38.6,40.05,41.5,41.5,783.718,803.509,876.354,840.402,730.625,747.197
104,Zambia,Sub-Saharan Africa,37.0,38.0,38.0,38.0,38.0,38.0,31.0,34.0,41.0,0.091,0.085,0.006,0.001,0.183,1.0,1.0,0.216,0.216,0.216,0.216,0.225,0.351,0.612,0.618,0.625,0.628,0.631,0.634,3.0,3.0,3.0,3.0,3.0,3.0,0.554,0.559,0.564,0.57,0.58,0.589,0.0,1.35,6.118,5.808,5.357,5.372,5.372,5.372,57.1,57.1,57.1,57.1,57.1,57.1,44.4,44.4,44.4,44.4,44.4,44.4,88.1,88.1,88.1,88.1,88.1,88.1,58.7,58.7,58.7,58.7,58.7,58.7,1763.073,1878.907,1763.057,1337.796,1280.579,1534.865
105,Zimbabwe,Sub-Saharan Africa,20.0,21.0,21.0,21.0,22.0,22.0,30.0,22.0,15.0,0.16,0.23,0.003,0.001,0.116,1.0,1.0,0.749,0.749,0.749,0.749,0.642,0.588,0.544,0.556,0.566,0.569,0.572,0.575,3.0,3.0,4.0,4.0,4.0,4.0,0.519,0.527,0.535,0.543,0.549,0.553,4.0,2.22,7.48,7.48,7.48,7.48,7.48,7.48,44.3,44.3,44.3,44.3,44.3,44.3,34.8,34.8,34.8,34.8,34.8,34.8,81.3,81.3,81.3,81.3,81.3,81.3,33.9,33.9,33.9,33.9,33.9,33.9,1304.97,1430.001,1434.899,1445.071,1464.584,1548.17
